<metadata xml:lang="en"><Esri><CreaDate>20250212</CreaDate><CreaTime>12013100</CreaTime><ArcGISFormat>1.0</ArcGISFormat><SyncOnce>FALSE</SyncOnce><DataProperties><itemProps><itemLocation><linkage Sync="TRUE">file://\\ALMED-ALR04-KSB\D$\KAT\REQUEST 2025\Per Municipality\Iligan\202503_RE-Iligan\SHAPEFILES\ILIGAN NPAAAD\ILIGAN NPAAAD.shp</linkage><protocol Sync="TRUE">Local Area Network</protocol></itemLocation><itemName Sync="TRUE">ILIGAN NPAAAD</itemName><imsContentType Sync="TRUE">002</imsContentType><itemSize Sync="TRUE">0.000</itemSize></itemProps><copyHistory><copy source="D:\GIS DATA\BASE PHILS\6_BOUNDARY_NDRRMC\6_BOUNDARY BARANGAYS_phils" dest="\\DESKTOP-06H8117\D$\GIS DATA\BASE PHILS\6_BOUNDARY_NDRRMC\NDRRMC\6_BOUNDARY BARANGAYS_phils" date="20170822" time="19573400"></copy></copyHistory><coordRef><type Sync="TRUE">Projected</type><geogcsn Sync="TRUE">GCS_PRS_1992</geogcsn><csUnits Sync="TRUE">Linear Unit: Meter (1.000000)</csUnits><projcsn Sync="TRUE">PRS_1992_UTM_Zone_51N</projcsn><peXml Sync="TRUE">&lt;ProjectedCoordinateSystem xsi:type='typens:ProjectedCoordinateSystem' xmlns:xsi='http://www.w3.org/2001/XMLSchema-instance' xmlns:xs='http://www.w3.org/2001/XMLSchema' xmlns:typens='http://www.esri.com/schemas/ArcGIS/10.4'&gt;&lt;WKT&gt;PROJCS[&amp;quot;PRS_1992_UTM_Zone_51N&amp;quot;,GEOGCS[&amp;quot;GCS_PRS_1992&amp;quot;,DATUM[&amp;quot;D_Philippine_Reference_System_1992&amp;quot;,SPHEROID[&amp;quot;Clarke_1866&amp;quot;,6378206.4,294.9786982]],PRIMEM[&amp;quot;Greenwich&amp;quot;,0.0],UNIT[&amp;quot;Degree&amp;quot;,0.0174532925199433]],PROJECTION[&amp;quot;Transverse_Mercator&amp;quot;],PARAMETER[&amp;quot;False_Easting&amp;quot;,500000.0],PARAMETER[&amp;quot;False_Northing&amp;quot;,0.0],PARAMETER[&amp;quot;Central_Meridian&amp;quot;,123.0],PARAMETER[&amp;quot;Scale_Factor&amp;quot;,0.9996],PARAMETER[&amp;quot;Latitude_Of_Origin&amp;quot;,0.0],UNIT[&amp;quot;Meter&amp;quot;,1.0],AUTHORITY[&amp;quot;Esri&amp;quot;,102457]]&lt;/WKT&gt;&lt;XOrigin&gt;-5121000&lt;/XOrigin&gt;&lt;YOrigin&gt;-9998000&lt;/YOrigin&gt;&lt;XYScale&gt;450450052.74759901&lt;/XYScale&gt;&lt;ZOrigin&gt;-100000&lt;/ZOrigin&gt;&lt;ZScale&gt;10000&lt;/ZScale&gt;&lt;MOrigin&gt;-100000&lt;/MOrigin&gt;&lt;MScale&gt;10000&lt;/MScale&gt;&lt;XYTolerance&gt;0.001&lt;/XYTolerance&gt;&lt;ZTolerance&gt;0.001&lt;/ZTolerance&gt;&lt;MTolerance&gt;0.001&lt;/MTolerance&gt;&lt;HighPrecision&gt;true&lt;/HighPrecision&gt;&lt;WKID&gt;102457&lt;/WKID&gt;&lt;LatestWKID&gt;102457&lt;/LatestWKID&gt;&lt;/ProjectedCoordinateSystem&gt;</peXml></coordRef><lineage><Process Name="Add Global IDs" ToolSource="c:\program files (x86)\arcgis\desktop10.4\ArcToolbox\Toolboxes\Data Management Tools.tbx\AddGlobalIDs" Date="20190117" Time="153332">AddGlobalIDs 'D:\1_JUN TOOLBOX\PROCESS_MODEL.gdb\Hillshades';'D:\1_JUN TOOLBOX\PROCESS_FILE.gdb\coverage';'D:\1_JUN TOOLBOX\PROCESS_FILE.gdb\Cities_and_TownsAnno';'D:\1_JUN TOOLBOX\PROCESS_FILE.gdb\SeaFeaturesAnno250k';'D:\1_JUN TOOLBOX\PROCESS_FILE.gdb\Boundaries';'D:\1_JUN TOOLBOX\base_file.gdb\polygons\Boundary_Brgy_NDRRMC';'D:\1_JUN TOOLBOX\TEXT.gdb\Cities_and_TownsAnno2'</Process><Process ToolSource="c:\program files (x86)\arcgis\desktop10.8\ArcToolbox\Toolboxes\Data Management Tools.tbx\RepairGeometry" Date="20220908" Time="124357">RepairGeometry Polygon_MUNICIPAL_boundary_NDRRMC DELETE_NULL</Process><Process ToolSource="c:\program files (x86)\arcgis\desktop10.8\ArcToolbox\Toolboxes\Data Management Tools.tbx\CalculateField" Date="20230124" Time="101134">CalculateField Polygon_MUNICIPAL_boundary_NDRRMC Island "LUZON" VB #</Process><Process ToolSource="c:\program files (x86)\arcgis\desktop10.8\ArcToolbox\Toolboxes\Data Management Tools.tbx\CalculateField" Date="20230124" Time="110007">CalculateField Polygon_MUNICIPAL_boundary_NDRRMC Island "VISAYAS" VB #</Process><Process ToolSource="c:\program files (x86)\arcgis\desktop10.8\ArcToolbox\Toolboxes\Data Management Tools.tbx\CalculateField" Date="20240728" Time="152415">CalculateField Polygon_MUNICIPAL_boundary_NDRRMC Island "MINDANAO" VB #</Process><Process ToolSource="c:\program files (x86)\arcgis\desktop10.8\ArcToolbox\Toolboxes\Analysis Tools.tbx\Intersect" Date="20241106" Time="094813">Intersect "Polygon_MUNICIPAL_boundary_NDRRMC #;Philippines_LandClass_AD_PRS2 #" C:\Users\ALHENIO\Documents\ArcGIS\Default5.gdb\Polygon_MUNICIPAL_boundary_N ALL # INPUT</Process><Process ToolSource="c:\program files (x86)\arcgis\desktop10.8\ArcToolbox\Toolboxes\Data Management Tools.tbx\MultipartToSinglepart" Date="20241106" Time="095055">MultipartToSinglepart Polygon_MUNICIPAL_boundary_N D:\ALGEN_DATABASE\NPAAAD_FILES.gdb\MINDANAO_NPAAAD_4</Process><Process ToolSource="c:\program files (x86)\arcgis\desktop10.8\ArcToolbox\Toolboxes\Data Management Tools.tbx\CalculateField" Date="20241106" Time="100632">CalculateField MINDANAO_NPAAAD_4 Class "NON-A&amp;D" VB #</Process><Process ToolSource="c:\program files (x86)\arcgis\desktop10.8\ArcToolbox\Toolboxes\Data Management Tools.tbx\CalculateField" Date="20241106" Time="100907">CalculateField MINDANAO_NPAAAD_4 Class "A&amp;D" VB #</Process><Process ToolSource="c:\program files (x86)\arcgis\desktop10.8\ArcToolbox\Toolboxes\Analysis Tools.tbx\Union" Date="20250209" Time="162854">Union "MINDANAO_NPAAAD_4 #;MINDANAO_NPAAAD_4_Clip_Proje4 #" D:\ALGEN_DATABASE\NPAAAD_FILES.gdb\MINDANAO_NPAAAD_5 ALL # GAPS</Process><Process ToolSource="c:\program files (x86)\arcgis\desktop10.8\ArcToolbox\Toolboxes\Data Management Tools.tbx\CalculateField" Date="20250209" Time="165305">CalculateField MINDANAO_NPAAAD_5 NPAAAD [N] VB #</Process><Process ToolSource="c:\program files (x86)\arcgis\desktop10.8\ArcToolbox\Toolboxes\Data Management Tools.tbx\MultipartToSinglepart" Date="20250209" Time="165620">MultipartToSinglepart MINDANAO_NPAAAD_5 D:\ALGEN_DATABASE\NPAAAD_FILES.gdb\MINDANAO_NPAAAD_6</Process><Process ToolSource="c:\program files (x86)\arcgis\desktop10.8\ArcToolbox\Toolboxes\Data Management Tools.tbx\CalculateField" Date="20250212" Time="114333">CalculateField MINDANAO_NPAAAD_6 NPAAAD "F" VB #</Process><Process Name="Add Field" ToolSource="c:\program files (x86)\arcgis\desktop10.4\ArcToolbox\Toolboxes\Data Management Tools.tbx\AddField" Date="20250310" Time="142427">AddField MINDANAO_NPAAAD_V6 AGENCY TEXT # # # # NULLABLE NON_REQUIRED #</Process><Process Name="Calculate Field" ToolSource="c:\program files (x86)\arcgis\desktop10.4\ArcToolbox\Toolboxes\Data Management Tools.tbx\CalculateField" Date="20250310" Time="142632">CalculateField MINDANAO_NPAAAD_V6 AGENCY "ALMED_BSWM" VB #</Process><Process Name="Add Field (2)" ToolSource="c:\program files (x86)\arcgis\desktop10.4\ArcToolbox\Toolboxes\Data Management Tools.tbx\AddField" Date="20250310" Time="142632">AddField MINDANAO_NPAAAD_V6 APPROVED_B TEXT # # # # NULLABLE NON_REQUIRED #</Process><Process Name="Calculate Field (2)" ToolSource="c:\program files (x86)\arcgis\desktop10.4\ArcToolbox\Toolboxes\Data Management Tools.tbx\CalculateField" Date="20250310" Time="142820">CalculateField MINDANAO_NPAAAD_V6 APPROVED_B "GINA P. NILO, Ph.D. (Director)" VB #</Process><Process Name="Add Field (3)" ToolSource="c:\program files (x86)\arcgis\desktop10.4\ArcToolbox\Toolboxes\Data Management Tools.tbx\AddField" Date="20250310" Time="142820">AddField MINDANAO_NPAAAD_V6 ATTESTED_B TEXT # # # # NULLABLE NON_REQUIRED #</Process><Process Name="Calculate Field (3)" ToolSource="c:\program files (x86)\arcgis\desktop10.4\ArcToolbox\Toolboxes\Data Management Tools.tbx\CalculateField" Date="20250310" Time="143020">CalculateField MINDANAO_NPAAAD_V6 ATTESTED_B "Bernardo P. Pascua (Chief, ALMED)" VB #</Process><Process Name="Add Field (4)" ToolSource="c:\program files (x86)\arcgis\desktop10.4\ArcToolbox\Toolboxes\Data Management Tools.tbx\AddField" Date="20250310" Time="143020">AddField MINDANAO_NPAAAD_V6 PREPARED_B TEXT # # # # NULLABLE NON_REQUIRED #</Process><Process Name="Calculate Field (4)" ToolSource="c:\program files (x86)\arcgis\desktop10.4\ArcToolbox\Toolboxes\Data Management Tools.tbx\CalculateField" Date="20250310" Time="143211">CalculateField MINDANAO_NPAAAD_V6 PREPARED_B "Engr. Algen John B. Mendez" VB #</Process><Process Name="Add Field (5)" ToolSource="c:\program files (x86)\arcgis\desktop10.4\ArcToolbox\Toolboxes\Data Management Tools.tbx\AddField" Date="20250310" Time="143211">AddField MINDANAO_NPAAAD_V6 YEAR TEXT # # # # NULLABLE NON_REQUIRED #</Process><Process Name="Calculate Field (5)" ToolSource="c:\program files (x86)\arcgis\desktop10.4\ArcToolbox\Toolboxes\Data Management Tools.tbx\CalculateField" Date="20250310" Time="143358">CalculateField MINDANAO_NPAAAD_V6 YEAR "2022" VB #</Process><Process Name="Clip" ToolSource="c:\program files (x86)\arcgis\desktop10.4\ArcToolbox\Toolboxes\Analysis Tools.tbx\Clip" Date="20250327" Time="140522">Clip MINDANAO_NPAAAD_V6 Iligan_Projected "D:\KAT\REQUEST 2025\Per Municipality\Iligan\202503_RE-Iligan\SHAPEFILES\ILIGAN NPAAAD\ILIGAN NPAAAD.shp" #</Process><Process Name="Add Field (6)" ToolSource="c:\program files (x86)\arcgis\desktop10.4\ArcToolbox\Toolboxes\Data Management Tools.tbx\AddField" Date="20250327" Time="140522">AddField "D:\KAT\REQUEST 2025\Per Municipality\Iligan\202503_RE-Iligan\SHAPEFILES\ILIGAN NPAAAD\ILIGAN NPAAAD.shp" AGENCY TEXT # # # # NULLABLE NON_REQUIRED #</Process><Process Name="Calculate Field (6)" ToolSource="c:\program files (x86)\arcgis\desktop10.4\ArcToolbox\Toolboxes\Data Management Tools.tbx\CalculateField" Date="20250327" Time="140524">CalculateField "D:\KAT\REQUEST 2025\Per Municipality\Iligan\202503_RE-Iligan\SHAPEFILES\ILIGAN NPAAAD\ILIGAN NPAAAD.shp" AGENCY "ALMED_BSWM" VB #</Process><Process Name="Add Field (7)" ToolSource="c:\program files (x86)\arcgis\desktop10.4\ArcToolbox\Toolboxes\Data Management Tools.tbx\AddField" Date="20250327" Time="140524">AddField "D:\KAT\REQUEST 2025\Per Municipality\Iligan\202503_RE-Iligan\SHAPEFILES\ILIGAN NPAAAD\ILIGAN NPAAAD.shp" APPROVED_B TEXT # # # # NULLABLE NON_REQUIRED #</Process><Process Name="Calculate Field (7)" ToolSource="c:\program files (x86)\arcgis\desktop10.4\ArcToolbox\Toolboxes\Data Management Tools.tbx\CalculateField" Date="20250327" Time="140527">CalculateField "D:\KAT\REQUEST 2025\Per Municipality\Iligan\202503_RE-Iligan\SHAPEFILES\ILIGAN NPAAAD\ILIGAN NPAAAD.shp" APPROVED_B "Gina P. Nilo, Ph.D. (Director)" VB #</Process><Process Name="Add Field (8)" ToolSource="c:\program files (x86)\arcgis\desktop10.4\ArcToolbox\Toolboxes\Data Management Tools.tbx\AddField" Date="20250327" Time="140527">AddField "D:\KAT\REQUEST 2025\Per Municipality\Iligan\202503_RE-Iligan\SHAPEFILES\ILIGAN NPAAAD\ILIGAN NPAAAD.shp" ATTESTED_B TEXT # # # # NULLABLE NON_REQUIRED #</Process><Process Name="Calculate Field (8)" ToolSource="c:\program files (x86)\arcgis\desktop10.4\ArcToolbox\Toolboxes\Data Management Tools.tbx\CalculateField" Date="20250327" Time="140530">CalculateField "D:\KAT\REQUEST 2025\Per Municipality\Iligan\202503_RE-Iligan\SHAPEFILES\ILIGAN NPAAAD\ILIGAN NPAAAD.shp" ATTESTED_B "Bernardo P. Pascua (Chief, ALMED)" VB #</Process><Process Name="Add Field (9)" ToolSource="c:\program files (x86)\arcgis\desktop10.4\ArcToolbox\Toolboxes\Data Management Tools.tbx\AddField" Date="20250327" Time="140530">AddField "D:\KAT\REQUEST 2025\Per Municipality\Iligan\202503_RE-Iligan\SHAPEFILES\ILIGAN NPAAAD\ILIGAN NPAAAD.shp" PREPARED_B TEXT # # # # NULLABLE NON_REQUIRED #</Process><Process Name="Calculate Field (9)" ToolSource="c:\program files (x86)\arcgis\desktop10.4\ArcToolbox\Toolboxes\Data Management Tools.tbx\CalculateField" Date="20250327" Time="140532">CalculateField "D:\KAT\REQUEST 2025\Per Municipality\Iligan\202503_RE-Iligan\SHAPEFILES\ILIGAN NPAAAD\ILIGAN NPAAAD.shp" PREPARED_B "Engr. John Algen B. Mendez" VB #</Process><Process Name="Add Field (10)" ToolSource="c:\program files (x86)\arcgis\desktop10.4\ArcToolbox\Toolboxes\Data Management Tools.tbx\AddField" Date="20250327" Time="140532">AddField "D:\KAT\REQUEST 2025\Per Municipality\Iligan\202503_RE-Iligan\SHAPEFILES\ILIGAN NPAAAD\ILIGAN NPAAAD.shp" YEAR TEXT # # # # NULLABLE NON_REQUIRED #</Process><Process Name="Calculate Field (10)" ToolSource="c:\program files (x86)\arcgis\desktop10.4\ArcToolbox\Toolboxes\Data Management Tools.tbx\CalculateField" Date="20250327" Time="140535">CalculateField "D:\KAT\REQUEST 2025\Per Municipality\Iligan\202503_RE-Iligan\SHAPEFILES\ILIGAN NPAAAD\ILIGAN NPAAAD.shp" YEAR "2022" VB #</Process></lineage></DataProperties><SyncDate>20250327</SyncDate><SyncTime>14050100</SyncTime><ModDate>20250327</ModDate><ModTime>14050100</ModTime></Esri><dataIdInfo><envirDesc Sync="TRUE"> Version 6.2 (Build 9200) ; Esri ArcGIS 10.4.0.5524</envirDesc><dataLang><languageCode value="eng" Sync="TRUE"></languageCode><countryCode value="USA" Sync="TRUE"></countryCode></dataLang><idCitation><resTitle Sync="TRUE">ILIGAN NPAAAD</resTitle><presForm><PresFormCd value="005" Sync="TRUE"></PresFormCd></presForm></idCitation><spatRpType><SpatRepTypCd value="001" Sync="TRUE"></SpatRepTypCd></spatRpType></dataIdInfo><mdLang><languageCode value="eng" Sync="TRUE"></languageCode><countryCode value="USA" Sync="TRUE"></countryCode></mdLang><distInfo><distFormat><formatName Sync="TRUE">Shapefile</formatName></distFormat><distTranOps><transSize Sync="TRUE">0.000</transSize></distTranOps></distInfo><mdHrLv><ScopeCd value="005" Sync="TRUE"></ScopeCd></mdHrLv><mdHrLvName Sync="TRUE">dataset</mdHrLvName><refSysInfo><RefSystem><refSysID><identCode code="102457" Sync="TRUE"></identCode><idCodeSpace Sync="TRUE">Esri</idCodeSpace><idVersion Sync="TRUE">10.3.1</idVersion></refSysID></RefSystem></refSysInfo><spatRepInfo><VectSpatRep><geometObjs Name="ILIGAN NPAAAD"><geoObjTyp><GeoObjTypCd value="002" Sync="TRUE"></GeoObjTypCd></geoObjTyp><geoObjCnt Sync="TRUE">0</geoObjCnt></geometObjs><topLvl><TopoLevCd value="001" Sync="TRUE"></TopoLevCd></topLvl></VectSpatRep></spatRepInfo><spdoinfo><ptvctinf><esriterm Name="ILIGAN NPAAAD"><efeatyp Sync="TRUE">Simple</efeatyp><efeageom code="4" Sync="TRUE"></efeageom><esritopo Sync="TRUE">FALSE</esritopo><efeacnt Sync="TRUE">0</efeacnt><spindex Sync="TRUE">FALSE</spindex><linrefer Sync="TRUE">TRUE</linrefer></esriterm></ptvctinf></spdoinfo><eainfo><detailed Name="ILIGAN NPAAAD"><enttyp><enttypl Sync="TRUE">ILIGAN NPAAAD</enttypl><enttypt Sync="TRUE">Feature Class</enttypt><enttypc Sync="TRUE">0</enttypc></enttyp><attr><attrlabl Sync="TRUE">FID</attrlabl><attalias Sync="TRUE">FID</attalias><attrtype Sync="TRUE">OID</attrtype><attwidth Sync="TRUE">4</attwidth><atprecis Sync="TRUE">0</atprecis><attscale Sync="TRUE">0</attscale><attrdef Sync="TRUE">Internal feature number.</attrdef><attrdefs Sync="TRUE">Esri</attrdefs><attrdomv><udom Sync="TRUE">Sequential unique whole numbers that are automatically generated.</udom></attrdomv></attr><attr><attrlabl Sync="TRUE">Shape</attrlabl><attalias Sync="TRUE">Shape</attalias><attrtype Sync="TRUE">Geometry</attrtype><attwidth Sync="TRUE">0</attwidth><atprecis Sync="TRUE">0</atprecis><attscale Sync="TRUE">0</attscale><attrdef Sync="TRUE">Feature geometry.</attrdef><attrdefs Sync="TRUE">Esri</attrdefs><attrdomv><udom Sync="TRUE">Coordinates defining the features.</udom></attrdomv></attr><attr><attrlabl Sync="TRUE">Reg_Name</attrlabl><attalias Sync="TRUE">Reg_Name</attalias><attrtype Sync="TRUE">String</attrtype><attwidth Sync="TRUE">254</attwidth><atprecis Sync="TRUE">0</atprecis><attscale Sync="TRUE">0</attscale></attr><attr><attrlabl Sync="TRUE">Pro_Name</attrlabl><attalias Sync="TRUE">Pro_Name</attalias><attrtype Sync="TRUE">String</attrtype><attwidth Sync="TRUE">254</attwidth><atprecis Sync="TRUE">0</atprecis><attscale Sync="TRUE">0</attscale></attr><attr><attrlabl Sync="TRUE">Mun_Name</attrlabl><attalias Sync="TRUE">Mun_Name</attalias><attrtype Sync="TRUE">String</attrtype><attwidth Sync="TRUE">254</attwidth><atprecis Sync="TRUE">0</atprecis><attscale Sync="TRUE">0</attscale></attr><attr><attrlabl Sync="TRUE">LCLASS_ADJ</attrlabl><attalias Sync="TRUE">LCLASS_ADJ</attalias><attrtype Sync="TRUE">String</attrtype><attwidth Sync="TRUE">50</attwidth><atprecis Sync="TRUE">0</atprecis><attscale Sync="TRUE">0</attscale></attr><attr><attrlabl Sync="TRUE">NPAAAD</attrlabl><attalias Sync="TRUE">NPAAAD</attalias><attrtype Sync="TRUE">String</attrtype><attwidth Sync="TRUE">254</attwidth><atprecis Sync="TRUE">0</atprecis><attscale Sync="TRUE">0</attscale></attr><attr><attrlabl Sync="TRUE">Class</attrlabl><attalias Sync="TRUE">Class</attalias><attrtype Sync="TRUE">String</attrtype><attwidth Sync="TRUE">50</attwidth><atprecis Sync="TRUE">0</atprecis><attscale Sync="TRUE">0</attscale></attr><attr><attrlabl Sync="TRUE">ORIG_FID</attrlabl><attalias Sync="TRUE">ORIG_FID</attalias><attrtype Sync="TRUE">Integer</attrtype><attwidth Sync="TRUE">10</attwidth><atprecis Sync="TRUE">10</atprecis><attscale Sync="TRUE">0</attscale></attr><attr><attrlabl Sync="TRUE">Shape_Leng</attrlabl><attalias Sync="TRUE">Shape_Leng</attalias><attrtype Sync="TRUE">Double</attrtype><attwidth Sync="TRUE">19</attwidth><atprecis Sync="TRUE">0</atprecis><attscale Sync="TRUE">0</attscale></attr><attr><attrlabl Sync="TRUE">Shape_Area</attrlabl><attalias Sync="TRUE">Shape_Area</attalias><attrtype Sync="TRUE">Double</attrtype><attwidth Sync="TRUE">19</attwidth><atprecis Sync="TRUE">0</atprecis><attscale Sync="TRUE">0</attscale><attrdef Sync="TRUE">Area of feature in internal units squared.</attrdef><attrdefs Sync="TRUE">Esri</attrdefs><attrdomv><udom Sync="TRUE">Positive real numbers that are automatically generated.</udom></attrdomv></attr><attr><attrlabl Sync="TRUE">AGENCY</attrlabl><attalias Sync="TRUE">AGENCY</attalias><attrtype Sync="TRUE">String</attrtype><attwidth Sync="TRUE">254</attwidth><atprecis Sync="TRUE">0</atprecis><attscale Sync="TRUE">0</attscale></attr><attr><attrlabl Sync="TRUE">APPROVED_B</attrlabl><attalias Sync="TRUE">APPROVED_B</attalias><attrtype Sync="TRUE">String</attrtype><attwidth Sync="TRUE">254</attwidth><atprecis Sync="TRUE">0</atprecis><attscale Sync="TRUE">0</attscale></attr><attr><attrlabl Sync="TRUE">ATTESTED_B</attrlabl><attalias Sync="TRUE">ATTESTED_B</attalias><attrtype Sync="TRUE">String</attrtype><attwidth Sync="TRUE">254</attwidth><atprecis Sync="TRUE">0</atprecis><attscale Sync="TRUE">0</attscale></attr><attr><attrlabl Sync="TRUE">PREPARED_B</attrlabl><attalias Sync="TRUE">PREPARED_B</attalias><attrtype Sync="TRUE">String</attrtype><attwidth Sync="TRUE">254</attwidth><atprecis Sync="TRUE">0</atprecis><attscale Sync="TRUE">0</attscale></attr><attr><attrlabl Sync="TRUE">YEAR</attrlabl><attalias Sync="TRUE">YEAR</attalias><attrtype Sync="TRUE">String</attrtype><attwidth Sync="TRUE">254</attwidth><atprecis Sync="TRUE">0</atprecis><attscale Sync="TRUE">0</attscale></attr></detailed></eainfo><mdDateSt Sync="TRUE">20250327</mdDateSt></metadata>
