<metadata xml:lang="en"><Esri><CreaDate>20241017</CreaDate><CreaTime>16184600</CreaTime><ArcGISFormat>1.0</ArcGISFormat><SyncOnce>FALSE</SyncOnce><DataProperties><lineage><Process ToolSource="C:\Program Files (x86)\ArcGIS\Desktop10.0\ArcToolbox\Toolboxes\Data Management Tools.tbx\Project" Date="20141001" Time="221202">Project PHL_adm1 C:\Users\lenovo\Desktop\ppdo_LUZON\PHL_adm1.shp PROJCS['Luzon_1911_Transverse_Mercator',GEOGCS['GCS_Luzon_1911',DATUM['D_Luzon_1911',SPHEROID['Clarke_1866',6378206.4,294.9786982]],PRIMEM['Greenwich',0.0],UNIT['Degree',0.0174532925199433]],PROJECTION['Transverse_Mercator'],PARAMETER['false_easting',500000.0],PARAMETER['false_northing',0.0],PARAMETER['central_meridian',123.0],PARAMETER['scale_factor',0.9995999932289124],PARAMETER['latitude_of_origin',0.0],UNIT['Meter',1.0]] Luzon_1911_To_WGS_1984_1 GEOGCS['GCS_WGS_1984',DATUM['D_WGS_1984',SPHEROID['WGS_1984',6378137.0,298.257223563]],PRIMEM['Greenwich',0.0],UNIT['Degree',0.0174532925199433]]</Process><Process Name="Intersect" ToolSource="c:\program files (x86)\arcgis\desktop10.5\ArcToolbox\Toolboxes\Analysis Tools.tbx\Intersect" Date="20180227" Time="123242">Intersect "I_PHL_Region_NAME_1 #;'E:\BACKUP\Desktop\Geohazards 10K_GDB and Shapefiles\PHILIPPINES\PH_New_030000_Luzon.gdb\MGB_Landslides_10K' #" "E:\Geohazard 10k Per province\Landslide.gdb\CAR_Landslide" ALL # INPUT</Process><Process ToolSource="c:\program files\arcgis\pro\Resources\ArcToolbox\Toolboxes\Data Management Tools.tbx\UpdateSchema" Date="20210318" Time="180350">UpdateSchema "CIMDATA=&lt;CIMFeatureDatasetDataConnection xsi:type='typens:CIMFeatureDatasetDataConnection' xmlns:xsi='http://www.w3.org/2001/XMLSchema-instance' xmlns:xs='http://www.w3.org/2001/XMLSchema' xmlns:typens='http://www.esri.com/schemas/ArcGIS/2.7.0'&gt;&lt;FeatureDataset&gt;LGSD_Geohazards.LGIMS_GISADMIN.LslideFlood10K&lt;/FeatureDataset&gt;&lt;WorkspaceConnectionString&gt;ENCRYPTED_PASSWORD=00022e68314b50724e34636f482f54526159456a4766787268556a4e6c656c41564d4c5a75593351746e30725668343d2a00;SERVER=10.20.14.27;INSTANCE=sde:sqlserver:10.20.14.27;DBCLIENT=sqlserver;DB_CONNECTION_PROPERTIES=10.20.14.27;DATABASE=LGSD_Geohazards;USER=lgims_gisadmin;VERSION=sde.DEFAULT;AUTHENTICATION_MODE=DBMS&lt;/WorkspaceConnectionString&gt;&lt;WorkspaceFactory&gt;SDE&lt;/WorkspaceFactory&gt;&lt;Dataset&gt;LGSD_Geohazards.LGIMS_GISADMIN.Landslide10k_Suscep_CAR&lt;/Dataset&gt;&lt;DatasetType&gt;esriDTFeatureClass&lt;/DatasetType&gt;&lt;/CIMFeatureDatasetDataConnection&gt;" &lt;operationSequence&gt;&lt;workflow&gt;&lt;AddField&gt;&lt;field_name&gt;Updated&lt;/field_name&gt;&lt;field_type&gt;TEXT&lt;/field_type&gt;&lt;field_precision&gt;0&lt;/field_precision&gt;&lt;field_scale&gt;0&lt;/field_scale&gt;&lt;field_length&gt;10&lt;/field_length&gt;&lt;field_alias&gt;Updated&lt;/field_alias&gt;&lt;field_is_nullable&gt;True&lt;/field_is_nullable&gt;&lt;field_is_required&gt;False&lt;/field_is_required&gt;&lt;field_domain&gt;Year&lt;/field_domain&gt;&lt;/AddField&gt;&lt;/workflow&gt;&lt;workflow&gt;&lt;AddField&gt;&lt;field_name&gt;Published&lt;/field_name&gt;&lt;field_type&gt;TEXT&lt;/field_type&gt;&lt;field_precision&gt;0&lt;/field_precision&gt;&lt;field_scale&gt;0&lt;/field_scale&gt;&lt;field_length&gt;10&lt;/field_length&gt;&lt;field_alias&gt;Published&lt;/field_alias&gt;&lt;field_is_nullable&gt;True&lt;/field_is_nullable&gt;&lt;field_is_required&gt;False&lt;/field_is_required&gt;&lt;field_domain&gt;Year&lt;/field_domain&gt;&lt;/AddField&gt;&lt;/workflow&gt;&lt;workflow&gt;&lt;AddField&gt;&lt;field_name&gt;Remarks&lt;/field_name&gt;&lt;field_type&gt;TEXT&lt;/field_type&gt;&lt;field_precision&gt;0&lt;/field_precision&gt;&lt;field_scale&gt;0&lt;/field_scale&gt;&lt;field_length&gt;150&lt;/field_length&gt;&lt;field_alias&gt;Remarks&lt;/field_alias&gt;&lt;field_is_nullable&gt;True&lt;/field_is_nullable&gt;&lt;field_is_required&gt;False&lt;/field_is_required&gt;&lt;/AddField&gt;&lt;/workflow&gt;&lt;/operationSequence&gt;</Process><Process ToolSource="c:\program files (x86)\arcgis\desktop10.7\ArcToolbox\Toolboxes\Data Management Tools.tbx\Merge" Date="20240129" Time="142028">Merge Landslide10k_Suscep_CAR;Landslide10k_Suscep_R_X_01042024 E:\Maps\10k_Ghaz_Updated_fin\2024\1Fin_Region.gdb\Q1\Landslide10k_Suscep_R_X_01292024 "LndslideSusc "Landslide Susceptibility Rating" true true false 50 Text 0 0 ,First,#,Landslide10k_Suscep_CAR,LndslideSusc,-1,-1,Landslide10k_Suscep_R_X_01042024,LndslideSusc,-1,-1;created_user "created_user" false true false 255 Text 0 0 ,First,#,Landslide10k_Suscep_CAR,created_user,-1,-1,Landslide10k_Suscep_R_X_01042024,created_user,-1,-1;created_date "created_date" false true false 8 Date 0 0 ,First,#,Landslide10k_Suscep_CAR,created_date,-1,-1,Landslide10k_Suscep_R_X_01042024,created_date,-1,-1;last_edited_user "last_edited_user" false true false 255 Text 0 0 ,First,#,Landslide10k_Suscep_CAR,last_edited_user,-1,-1,Landslide10k_Suscep_R_X_01042024,last_edited_user,-1,-1;last_edited_date "last_edited_date" false true false 8 Date 0 0 ,First,#,Landslide10k_Suscep_CAR,last_edited_date,-1,-1,Landslide10k_Suscep_R_X_01042024,last_edited_date,-1,-1;GlobalID "GlobalID" false false false 38 GlobalID 0 0 ,First,#,Landslide10k_Suscep_CAR,GlobalID,-1,-1;Updated "Updated" true true false 10 Text 0 0 ,First,#,Landslide10k_Suscep_CAR,Updated,-1,-1,Landslide10k_Suscep_R_X_01042024,Updated,-1,-1;Published "Published" true true false 10 Text 0 0 ,First,#,Landslide10k_Suscep_CAR,Published,-1,-1,Landslide10k_Suscep_R_X_01042024,Published,-1,-1;Remarks "Remarks" true true false 150 Text 0 0 ,First,#,Landslide10k_Suscep_CAR,Remarks,-1,-1,Landslide10k_Suscep_R_X_01042024,Remarks,-1,-1;Shape_Length "Shape_Length" false true true 8 Double 0 0 ,First,#,Landslide10k_Suscep_CAR,Shape_Length,-1,-1,Landslide10k_Suscep_R_X_01042024,Shape_Length,-1,-1;Shape_Area "Shape_Area" false true true 8 Double 0 0 ,First,#,Landslide10k_Suscep_CAR,Shape_Area,-1,-1,Landslide10k_Suscep_R_X_01042024,Shape_Area,-1,-1"</Process><Process ToolSource="c:\program files (x86)\arcgis\desktop10.7\ArcToolbox\Toolboxes\Analysis Tools.tbx\Clip" Date="20241018" Time="144438">Clip "New Group Layer\Landslide10k_Suscep_R_X_10172024" IliganCity_MuniBdary_1911_LS "D:\Maps\2023\1107-1118 Iligan DAA\MAPS FIN\Shapefiles for Iligan LGU\IliganCity_Landslide.shp" #</Process></lineage><itemProps><itemLocation><linkage Sync="TRUE">file://\\DESKTOP-HR5IP3D\D$\Maps\2023\1107-1118 Iligan DAA\MAPS FIN\Shapefiles for Iligan LGU\IliganCity_Landslide.shp</linkage><protocol Sync="TRUE">Local Area Network</protocol></itemLocation><itemName Sync="TRUE">IliganCity_Landslide</itemName><imsContentType Sync="TRUE">002</imsContentType><itemSize Sync="TRUE">0.000</itemSize></itemProps><copyHistory><copy source="E:\Mark Canlas\Bohol Data\ppdo_LUZON\PHL_adm1" dest="\\MGB-MARK\C$\Users\MARK\Desktop\New Boundary\PHL_adm1" date="20160809" time="10082700"/></copyHistory><coordRef><type Sync="TRUE">Projected</type><geogcsn Sync="TRUE">GCS_Luzon_1911</geogcsn><csUnits Sync="TRUE">Linear Unit: Meter (1.000000)</csUnits><projcsn Sync="TRUE">Luzon_1911_Transverse_Mercator</projcsn><peXml Sync="TRUE">&lt;ProjectedCoordinateSystem xsi:type='typens:ProjectedCoordinateSystem' xmlns:xsi='http://www.w3.org/2001/XMLSchema-instance' xmlns:xs='http://www.w3.org/2001/XMLSchema' xmlns:typens='http://www.esri.com/schemas/ArcGIS/10.7'&gt;&lt;WKT&gt;PROJCS[&amp;quot;Luzon_1911_Transverse_Mercator&amp;quot;,GEOGCS[&amp;quot;GCS_Luzon_1911&amp;quot;,DATUM[&amp;quot;D_Luzon_1911&amp;quot;,SPHEROID[&amp;quot;Clarke_1866&amp;quot;,6378206.4,294.9786982]],PRIMEM[&amp;quot;Greenwich&amp;quot;,0.0],UNIT[&amp;quot;Degree&amp;quot;,0.0174532925199433]],PROJECTION[&amp;quot;Transverse_Mercator&amp;quot;],PARAMETER[&amp;quot;false_easting&amp;quot;,500000.0],PARAMETER[&amp;quot;false_northing&amp;quot;,0.0],PARAMETER[&amp;quot;central_meridian&amp;quot;,123.0],PARAMETER[&amp;quot;scale_factor&amp;quot;,0.9995999932289124],PARAMETER[&amp;quot;latitude_of_origin&amp;quot;,0.0],UNIT[&amp;quot;Meter&amp;quot;,1.0]]&lt;/WKT&gt;&lt;XOrigin&gt;-5121000&lt;/XOrigin&gt;&lt;YOrigin&gt;-9998000&lt;/YOrigin&gt;&lt;XYScale&gt;450450052.74759901&lt;/XYScale&gt;&lt;ZOrigin&gt;-100000&lt;/ZOrigin&gt;&lt;ZScale&gt;10000&lt;/ZScale&gt;&lt;MOrigin&gt;-100000&lt;/MOrigin&gt;&lt;MScale&gt;10000&lt;/MScale&gt;&lt;XYTolerance&gt;0.001&lt;/XYTolerance&gt;&lt;ZTolerance&gt;0.001&lt;/ZTolerance&gt;&lt;MTolerance&gt;0.001&lt;/MTolerance&gt;&lt;HighPrecision&gt;true&lt;/HighPrecision&gt;&lt;/ProjectedCoordinateSystem&gt;</peXml></coordRef></DataProperties><SyncDate>20241018</SyncDate><SyncTime>14441400</SyncTime><ModDate>20241018</ModDate><ModTime>14441400</ModTime></Esri><dataIdInfo><envirDesc Sync="TRUE"> Version 6.2 (Build 9200) ; Esri ArcGIS 10.7.1.11595</envirDesc><dataLang><languageCode value="eng" Sync="TRUE"/><countryCode value="PHL" Sync="TRUE"/></dataLang><idCitation><resTitle Sync="TRUE">IliganCity_Landslide</resTitle><presForm><PresFormCd value="005" Sync="TRUE"/></presForm></idCitation><spatRpType><SpatRepTypCd value="001" Sync="TRUE"/></spatRpType></dataIdInfo><mdLang><languageCode value="eng" Sync="TRUE"/><countryCode value="PHL" Sync="TRUE"/></mdLang><distInfo><distFormat><formatName Sync="TRUE">Shapefile</formatName></distFormat><distTranOps><transSize Sync="TRUE">0.000</transSize></distTranOps></distInfo><mdHrLv><ScopeCd value="005" Sync="TRUE"/></mdHrLv><mdHrLvName Sync="TRUE">dataset</mdHrLvName><refSysInfo><RefSystem><refSysID><identCode code="0" Sync="TRUE"/></refSysID></RefSystem></refSysInfo><spatRepInfo><VectSpatRep><geometObjs Name="IliganCity_Landslide"><geoObjTyp><GeoObjTypCd value="002" Sync="TRUE"></GeoObjTypCd></geoObjTyp><geoObjCnt Sync="TRUE">0</geoObjCnt></geometObjs><topLvl><TopoLevCd value="001" Sync="TRUE"></TopoLevCd></topLvl></VectSpatRep></spatRepInfo><spdoinfo><ptvctinf><esriterm Name="IliganCity_Landslide"><efeatyp Sync="TRUE">Simple</efeatyp><efeageom code="4" Sync="TRUE"></efeageom><esritopo Sync="TRUE">FALSE</esritopo><efeacnt Sync="TRUE">0</efeacnt><spindex Sync="TRUE">FALSE</spindex><linrefer Sync="TRUE">TRUE</linrefer></esriterm></ptvctinf></spdoinfo><eainfo><detailed Name="IliganCity_Landslide"><enttyp><enttypl Sync="TRUE">IliganCity_Landslide</enttypl><enttypt Sync="TRUE">Feature Class</enttypt><enttypc Sync="TRUE">0</enttypc></enttyp><attr><attrlabl Sync="TRUE">FID</attrlabl><attalias Sync="TRUE">FID</attalias><attrtype Sync="TRUE">OID</attrtype><attwidth Sync="TRUE">4</attwidth><atprecis Sync="TRUE">0</atprecis><attscale Sync="TRUE">0</attscale><attrdef Sync="TRUE">Internal feature number.</attrdef><attrdefs Sync="TRUE">Esri</attrdefs><attrdomv><udom Sync="TRUE">Sequential unique whole numbers that are automatically generated.</udom></attrdomv></attr><attr><attrlabl Sync="TRUE">Shape</attrlabl><attalias Sync="TRUE">Shape</attalias><attrtype Sync="TRUE">Geometry</attrtype><attwidth Sync="TRUE">0</attwidth><atprecis Sync="TRUE">0</atprecis><attscale Sync="TRUE">0</attscale><attrdef Sync="TRUE">Feature geometry.</attrdef><attrdefs Sync="TRUE">Esri</attrdefs><attrdomv><udom Sync="TRUE">Coordinates defining the features.</udom></attrdomv></attr><attr><attrlabl Sync="TRUE">LndslideSu</attrlabl><attalias Sync="TRUE">LndslideSu</attalias><attrtype Sync="TRUE">String</attrtype><attwidth Sync="TRUE">50</attwidth><atprecis Sync="TRUE">0</atprecis><attscale Sync="TRUE">0</attscale></attr><attr><attrlabl Sync="TRUE">created_us</attrlabl><attalias Sync="TRUE">created_us</attalias><attrtype Sync="TRUE">String</attrtype><attwidth Sync="TRUE">254</attwidth><atprecis Sync="TRUE">0</atprecis><attscale Sync="TRUE">0</attscale></attr><attr><attrlabl Sync="TRUE">created_da</attrlabl><attalias Sync="TRUE">created_da</attalias><attrtype Sync="TRUE">Date</attrtype><attwidth Sync="TRUE">8</attwidth><atprecis Sync="TRUE">0</atprecis><attscale Sync="TRUE">0</attscale></attr><attr><attrlabl Sync="TRUE">last_edite</attrlabl><attalias Sync="TRUE">last_edite</attalias><attrtype Sync="TRUE">String</attrtype><attwidth Sync="TRUE">254</attwidth><atprecis Sync="TRUE">0</atprecis><attscale Sync="TRUE">0</attscale></attr><attr><attrlabl Sync="TRUE">last_edi_1</attrlabl><attalias Sync="TRUE">last_edi_1</attalias><attrtype Sync="TRUE">Date</attrtype><attwidth Sync="TRUE">8</attwidth><atprecis Sync="TRUE">0</atprecis><attscale Sync="TRUE">0</attscale></attr><attr><attrlabl Sync="TRUE">GlobalID</attrlabl><attalias Sync="TRUE">GlobalID</attalias><attrtype Sync="TRUE">String</attrtype><attwidth Sync="TRUE">38</attwidth><atprecis Sync="TRUE">0</atprecis><attscale Sync="TRUE">0</attscale></attr><attr><attrlabl Sync="TRUE">Updated</attrlabl><attalias Sync="TRUE">Updated</attalias><attrtype Sync="TRUE">String</attrtype><attwidth Sync="TRUE">10</attwidth><atprecis Sync="TRUE">0</atprecis><attscale Sync="TRUE">0</attscale></attr><attr><attrlabl Sync="TRUE">Published</attrlabl><attalias Sync="TRUE">Published</attalias><attrtype Sync="TRUE">String</attrtype><attwidth Sync="TRUE">10</attwidth><atprecis Sync="TRUE">0</atprecis><attscale Sync="TRUE">0</attscale></attr><attr><attrlabl Sync="TRUE">Remarks</attrlabl><attalias Sync="TRUE">Remarks</attalias><attrtype Sync="TRUE">String</attrtype><attwidth Sync="TRUE">150</attwidth><atprecis Sync="TRUE">0</atprecis><attscale Sync="TRUE">0</attscale></attr><attr><attrlabl Sync="TRUE">Shape_Leng</attrlabl><attalias Sync="TRUE">Shape_Leng</attalias><attrtype Sync="TRUE">Double</attrtype><attwidth Sync="TRUE">19</attwidth><atprecis Sync="TRUE">0</atprecis><attscale Sync="TRUE">0</attscale></attr><attr><attrlabl Sync="TRUE">Shape_Area</attrlabl><attalias Sync="TRUE">Shape_Area</attalias><attrtype Sync="TRUE">Double</attrtype><attwidth Sync="TRUE">19</attwidth><atprecis Sync="TRUE">0</atprecis><attscale Sync="TRUE">0</attscale><attrdef Sync="TRUE">Area of feature in internal units squared.</attrdef><attrdefs Sync="TRUE">Esri</attrdefs><attrdomv><udom Sync="TRUE">Positive real numbers that are automatically generated.</udom></attrdomv></attr></detailed></eainfo><mdDateSt Sync="TRUE">20241018</mdDateSt></metadata>
