<metadata xml:lang="en"><Esri><CreaDate>20250212</CreaDate><CreaTime>12034000</CreaTime><SyncOnce>FALSE</SyncOnce><SyncDate>20250327</SyncDate><SyncTime>14012100</SyncTime><ModDate>20250327</ModDate><ModTime>14012100</ModTime><DataProperties><lineage><Process Name="Dissolve_4" ToolSource="C:\Program Files\ArcGIS\ArcToolbox\Toolboxes\Data Management Tools.tbx\Dissolve" Date="20070626" Time="161514">Dissolve landclass_old_1911 D:\gis_practices\gis_works\agribuz\agribus_lands\themes\landclass_old_1911_Dis.shp LCLASS_OLD # MULTI_PART</Process><Process Name="Union_1" ToolSource="C:\Program Files\ArcGIS\ArcToolbox\Toolboxes\Analysis Tools.tbx\Union" Date="20070626" Time="174421">Union "D:\gis_practices\gis_works\agribuz\agribus_lands\themes\landclass_old_1911_Dis.shp #;D:\gis_practices\gis_works\agribuz\agribus_lands\themes\landclass_new_1911_Dis.shp #" D:\gis_practices\gis_works\agribuz\agribus_lands\themes\landclass_new_1911_2.shp ALL # GAPS</Process><Process Name="Dissolve_4" ToolSource="C:\Program Files\ArcGIS\ArcToolbox\Toolboxes\Data Management Tools.tbx\Dissolve" Date="20070626" Time="185906">Dissolve D:\gis_practices\gis_works\agribuz\agribus_lands\themes\lclass_old_new3.shp D:\gis_practices\gis_works\agribuz\agribus_lands\themes\lclass_adj.shp LCLASS_ADJ # MULTI_PART</Process><Process ToolSource="c:\program files (x86)\arcgis\desktop10.8\ArcToolbox\Toolboxes\Data Management Tools.tbx\RepairGeometry" Date="20241028" Time="095009">RepairGeometry Philippines_LandClass_A&amp;D_PRS92_z51 DELETE_NULL</Process><Process ToolSource="c:\program files (x86)\arcgis\desktop10.8\ArcToolbox\Toolboxes\Analysis Tools.tbx\Intersect" Date="20241028" Time="160211">Intersect "Philippines_LandClass_A&amp;D_PRS92_z51 #;MINDANAO_SAFDZ_3_1 #" C:\Users\ALHENIO\Documents\ArcGIS\Default5.gdb\Philippines_LandClass_AD_PRS ALL # INPUT</Process><Process ToolSource="c:\program files (x86)\arcgis\desktop10.8\ArcToolbox\Toolboxes\Analysis Tools.tbx\Intersect" Date="20241028" Time="162430">Intersect "Philippines_LandClass_AD_PRS #;Polygon_MUNICIPAL_boundary_NDRRMC #" C:\Users\ALHENIO\Documents\ArcGIS\Default5.gdb\Philippines_LandClass_AD_PRS1 ALL # INPUT</Process><Process ToolSource="c:\program files (x86)\arcgis\desktop10.8\ArcToolbox\Toolboxes\Data Management Tools.tbx\MultipartToSinglepart" Date="20241028" Time="163046">MultipartToSinglepart Philippines_LandClass_AD_PRS1 D:\ALGEN_DATABASE\SAFDZ_FILES.gdb\MINDANAO_SAFDZ_4</Process><Process ToolSource="c:\program files (x86)\arcgis\desktop10.8\ArcToolbox\Toolboxes\Data Management Tools.tbx\CalculateField" Date="20241028" Time="171945">CalculateField MINDANAO_SAFDZ_4 Class "NON-SAFDZ" VB #</Process><Process ToolSource="c:\program files (x86)\arcgis\desktop10.8\ArcToolbox\Toolboxes\Data Management Tools.tbx\CalculateField" Date="20241028" Time="172205">CalculateField MINDANAO_SAFDZ_4 Class "NON-A&amp;D" VB #</Process><Process ToolSource="c:\program files (x86)\arcgis\desktop10.8\ArcToolbox\Toolboxes\Data Management Tools.tbx\CalculateField" Date="20241028" Time="172355">CalculateField MINDANAO_SAFDZ_4 Class "A&amp;D" VB #</Process><Process ToolSource="c:\program files (x86)\arcgis\desktop10.8\ArcToolbox\Toolboxes\Analysis Tools.tbx\Union" Date="20250209" Time="171150">Union "MINDANAO_SAFDZ_5 #;MINDANAO_NPAAAD_4_Clip_Proje4 #" C:\Users\ALHENIO\Documents\ArcGIS\Default6.gdb\MINDANAO_SAFDZ_5_Union ALL # GAPS</Process><Process ToolSource="c:\program files (x86)\arcgis\desktop10.8\ArcToolbox\Toolboxes\Data Management Tools.tbx\CalculateField" Date="20250209" Time="175814">CalculateField MINDANAO_SAFDZ_5_Union SAFDZ [S] VB #</Process><Process ToolSource="c:\program files (x86)\arcgis\desktop10.8\ArcToolbox\Toolboxes\Data Management Tools.tbx\MultipartToSinglepart" Date="20250209" Time="182551">MultipartToSinglepart MINDANAO_SAFDZ_5_Union D:\ALGEN_DATABASE\SAFDZ_FILES.gdb\MINDANAO_SAFDZ_6</Process><Process ToolSource="c:\program files (x86)\arcgis\desktop10.8\ArcToolbox\Toolboxes\Data Management Tools.tbx\CalculateField" Date="20250212" Time="113724">CalculateField MINDANAO_SAFDZ_6 SAFDZ 9 VB #</Process><Process Name="Add Field" ToolSource="c:\program files (x86)\arcgis\desktop10.4\ArcToolbox\Toolboxes\Data Management Tools.tbx\AddField" Date="20250310" Time="122035">AddField MINDANAO_SAFDZ_V6 AGENCY TEXT # # # # NULLABLE NON_REQUIRED #</Process><Process Name="Calculate Field" ToolSource="c:\program files (x86)\arcgis\desktop10.4\ArcToolbox\Toolboxes\Data Management Tools.tbx\CalculateField" Date="20250310" Time="122222">CalculateField MINDANAO_SAFDZ_V6 AGENCY "ALMED_BSWM" VB #</Process><Process Name="Add Field (2)" ToolSource="c:\program files (x86)\arcgis\desktop10.4\ArcToolbox\Toolboxes\Data Management Tools.tbx\AddField" Date="20250310" Time="122222">AddField MINDANAO_SAFDZ_V6 APPROVED_B TEXT # # # # NULLABLE NON_REQUIRED #</Process><Process Name="Calculate Field (2)" ToolSource="c:\program files (x86)\arcgis\desktop10.4\ArcToolbox\Toolboxes\Data Management Tools.tbx\CalculateField" Date="20250310" Time="122429">CalculateField MINDANAO_SAFDZ_V6 APPROVED_B "GINA P. NILO, Ph.D. (Director)" VB #</Process><Process Name="Add Field (3)" ToolSource="c:\program files (x86)\arcgis\desktop10.4\ArcToolbox\Toolboxes\Data Management Tools.tbx\AddField" Date="20250310" Time="122429">AddField MINDANAO_SAFDZ_V6 ATTESTED_B TEXT # # # # NULLABLE NON_REQUIRED #</Process><Process Name="Calculate Field (3)" ToolSource="c:\program files (x86)\arcgis\desktop10.4\ArcToolbox\Toolboxes\Data Management Tools.tbx\CalculateField" Date="20250310" Time="122628">CalculateField MINDANAO_SAFDZ_V6 ATTESTED_B "Bernardo P. Pascua (Chief, ALMED)" VB #</Process><Process Name="Add Field (4)" ToolSource="c:\program files (x86)\arcgis\desktop10.4\ArcToolbox\Toolboxes\Data Management Tools.tbx\AddField" Date="20250310" Time="122628">AddField MINDANAO_SAFDZ_V6 PREPARED_B TEXT # # # # NULLABLE NON_REQUIRED #</Process><Process Name="Calculate Field (4)" ToolSource="c:\program files (x86)\arcgis\desktop10.4\ArcToolbox\Toolboxes\Data Management Tools.tbx\CalculateField" Date="20250310" Time="122821">CalculateField MINDANAO_SAFDZ_V6 PREPARED_B "Engr. Algen John B. Mendez" VB #</Process><Process Name="Add Field (5)" ToolSource="c:\program files (x86)\arcgis\desktop10.4\ArcToolbox\Toolboxes\Data Management Tools.tbx\AddField" Date="20250310" Time="122821">AddField MINDANAO_SAFDZ_V6 YEAR TEXT # # # # NULLABLE NON_REQUIRED #</Process><Process Name="Calculate Field (5)" ToolSource="c:\program files (x86)\arcgis\desktop10.4\ArcToolbox\Toolboxes\Data Management Tools.tbx\CalculateField" Date="20250310" Time="123007">CalculateField MINDANAO_SAFDZ_V6 YEAR "2022" VB #</Process><Process Name="Clip (2)" ToolSource="c:\program files (x86)\arcgis\desktop10.4\ArcToolbox\Toolboxes\Analysis Tools.tbx\Clip" Date="20250327" Time="140447">Clip MINDANAO_SAFDZ_V6 Iligan_Projected "D:\KAT\REQUEST 2025\Per Municipality\Iligan\202503_RE-Iligan\SHAPEFILES\ILIGAN SAFDZ\ILIGAN SAFDZ.shp" #</Process><Process Name="Add Field" ToolSource="c:\program files (x86)\arcgis\desktop10.4\ArcToolbox\Toolboxes\Data Management Tools.tbx\AddField" Date="20250327" Time="140447">AddField "D:\KAT\REQUEST 2025\Per Municipality\Iligan\202503_RE-Iligan\SHAPEFILES\ILIGAN SAFDZ\ILIGAN SAFDZ.shp" AGENCY TEXT # # # # NULLABLE NON_REQUIRED #</Process><Process Name="Calculate Field" ToolSource="c:\program files (x86)\arcgis\desktop10.4\ArcToolbox\Toolboxes\Data Management Tools.tbx\CalculateField" Date="20250327" Time="140450">CalculateField "D:\KAT\REQUEST 2025\Per Municipality\Iligan\202503_RE-Iligan\SHAPEFILES\ILIGAN SAFDZ\ILIGAN SAFDZ.shp" AGENCY "ALMED_BSWM" VB #</Process><Process Name="Add Field (2)" ToolSource="c:\program files (x86)\arcgis\desktop10.4\ArcToolbox\Toolboxes\Data Management Tools.tbx\AddField" Date="20250327" Time="140450">AddField "D:\KAT\REQUEST 2025\Per Municipality\Iligan\202503_RE-Iligan\SHAPEFILES\ILIGAN SAFDZ\ILIGAN SAFDZ.shp" APPROVED_B TEXT # # # # NULLABLE NON_REQUIRED #</Process><Process Name="Calculate Field (2)" ToolSource="c:\program files (x86)\arcgis\desktop10.4\ArcToolbox\Toolboxes\Data Management Tools.tbx\CalculateField" Date="20250327" Time="140452">CalculateField "D:\KAT\REQUEST 2025\Per Municipality\Iligan\202503_RE-Iligan\SHAPEFILES\ILIGAN SAFDZ\ILIGAN SAFDZ.shp" APPROVED_B "Gina P. Nilo, Ph.D. (Director)" VB #</Process><Process Name="Add Field (3)" ToolSource="c:\program files (x86)\arcgis\desktop10.4\ArcToolbox\Toolboxes\Data Management Tools.tbx\AddField" Date="20250327" Time="140452">AddField "D:\KAT\REQUEST 2025\Per Municipality\Iligan\202503_RE-Iligan\SHAPEFILES\ILIGAN SAFDZ\ILIGAN SAFDZ.shp" ATTESTED_B TEXT # # # # NULLABLE NON_REQUIRED #</Process><Process Name="Calculate Field (3)" ToolSource="c:\program files (x86)\arcgis\desktop10.4\ArcToolbox\Toolboxes\Data Management Tools.tbx\CalculateField" Date="20250327" Time="140455">CalculateField "D:\KAT\REQUEST 2025\Per Municipality\Iligan\202503_RE-Iligan\SHAPEFILES\ILIGAN SAFDZ\ILIGAN SAFDZ.shp" ATTESTED_B "Bernardo P. Pascua (Chief, ALMED)" VB #</Process><Process Name="Add Field (4)" ToolSource="c:\program files (x86)\arcgis\desktop10.4\ArcToolbox\Toolboxes\Data Management Tools.tbx\AddField" Date="20250327" Time="140456">AddField "D:\KAT\REQUEST 2025\Per Municipality\Iligan\202503_RE-Iligan\SHAPEFILES\ILIGAN SAFDZ\ILIGAN SAFDZ.shp" PREPARED_B TEXT # # # # NULLABLE NON_REQUIRED #</Process><Process Name="Calculate Field (4)" ToolSource="c:\program files (x86)\arcgis\desktop10.4\ArcToolbox\Toolboxes\Data Management Tools.tbx\CalculateField" Date="20250327" Time="140458">CalculateField "D:\KAT\REQUEST 2025\Per Municipality\Iligan\202503_RE-Iligan\SHAPEFILES\ILIGAN SAFDZ\ILIGAN SAFDZ.shp" PREPARED_B "Engr. John Algen B. Mendez" VB #</Process><Process Name="Add Field (5)" ToolSource="c:\program files (x86)\arcgis\desktop10.4\ArcToolbox\Toolboxes\Data Management Tools.tbx\AddField" Date="20250327" Time="140458">AddField "D:\KAT\REQUEST 2025\Per Municipality\Iligan\202503_RE-Iligan\SHAPEFILES\ILIGAN SAFDZ\ILIGAN SAFDZ.shp" YEAR TEXT # # # # NULLABLE NON_REQUIRED #</Process><Process Name="Calculate Field (5)" ToolSource="c:\program files (x86)\arcgis\desktop10.4\ArcToolbox\Toolboxes\Data Management Tools.tbx\CalculateField" Date="20250327" Time="140501">CalculateField "D:\KAT\REQUEST 2025\Per Municipality\Iligan\202503_RE-Iligan\SHAPEFILES\ILIGAN SAFDZ\ILIGAN SAFDZ.shp" YEAR "2022" VB #</Process></lineage><itemProps><itemLocation><linkage Sync="TRUE">file://\\ALMED-ALR04-KSB\D$\KAT\REQUEST 2025\Per Municipality\Iligan\202503_RE-Iligan\SHAPEFILES\ILIGAN SAFDZ\ILIGAN SAFDZ.shp</linkage><protocol Sync="TRUE">Local Area Network</protocol></itemLocation><itemName Sync="TRUE">ILIGAN SAFDZ</itemName><imsContentType Sync="TRUE">002</imsContentType><itemSize Sync="TRUE">0.000</itemSize></itemProps><copyHistory><copy source="Y:\Thematic Data\LMU_09\Philippines_LandClass_A&amp;D_PRS92" dest="\\ARAMIS\workspace\Thematic Data\Land Classification\Philippines_LandClass_A&amp;D_PRS92" date="20180809" time="16411000"></copy></copyHistory><coordRef><type Sync="TRUE">Projected</type><geogcsn Sync="TRUE">GCS_PRS_1992</geogcsn><csUnits Sync="TRUE">Linear Unit: Meter (1.000000)</csUnits><projcsn Sync="TRUE">PRS_1992_UTM_Zone_51N</projcsn><peXml Sync="TRUE">&lt;ProjectedCoordinateSystem xsi:type='typens:ProjectedCoordinateSystem' xmlns:xsi='http://www.w3.org/2001/XMLSchema-instance' xmlns:xs='http://www.w3.org/2001/XMLSchema' xmlns:typens='http://www.esri.com/schemas/ArcGIS/10.4'&gt;&lt;WKT&gt;PROJCS[&amp;quot;PRS_1992_UTM_Zone_51N&amp;quot;,GEOGCS[&amp;quot;GCS_PRS_1992&amp;quot;,DATUM[&amp;quot;D_Philippine_Reference_System_1992&amp;quot;,SPHEROID[&amp;quot;Clarke_1866&amp;quot;,6378206.4,294.9786982]],PRIMEM[&amp;quot;Greenwich&amp;quot;,0.0],UNIT[&amp;quot;Degree&amp;quot;,0.0174532925199433]],PROJECTION[&amp;quot;Transverse_Mercator&amp;quot;],PARAMETER[&amp;quot;False_Easting&amp;quot;,500000.0],PARAMETER[&amp;quot;False_Northing&amp;quot;,0.0],PARAMETER[&amp;quot;Central_Meridian&amp;quot;,123.0],PARAMETER[&amp;quot;Scale_Factor&amp;quot;,0.9996],PARAMETER[&amp;quot;Latitude_Of_Origin&amp;quot;,0.0],UNIT[&amp;quot;Meter&amp;quot;,1.0],AUTHORITY[&amp;quot;Esri&amp;quot;,102457]]&lt;/WKT&gt;&lt;XOrigin&gt;-5121000&lt;/XOrigin&gt;&lt;YOrigin&gt;-9998000&lt;/YOrigin&gt;&lt;XYScale&gt;450450052.74759901&lt;/XYScale&gt;&lt;ZOrigin&gt;-100000&lt;/ZOrigin&gt;&lt;ZScale&gt;10000&lt;/ZScale&gt;&lt;MOrigin&gt;-100000&lt;/MOrigin&gt;&lt;MScale&gt;10000&lt;/MScale&gt;&lt;XYTolerance&gt;0.001&lt;/XYTolerance&gt;&lt;ZTolerance&gt;0.001&lt;/ZTolerance&gt;&lt;MTolerance&gt;0.001&lt;/MTolerance&gt;&lt;HighPrecision&gt;true&lt;/HighPrecision&gt;&lt;WKID&gt;102457&lt;/WKID&gt;&lt;LatestWKID&gt;102457&lt;/LatestWKID&gt;&lt;/ProjectedCoordinateSystem&gt;</peXml></coordRef></DataProperties><ArcGISFormat>1.0</ArcGISFormat><ArcGISstyle>FGDC CSDGM Metadata</ArcGISstyle></Esri><idinfo><native Sync="TRUE">Microsoft Windows XP Version 5.1 (Build 2600) Service Pack 2; ESRI ArcCatalog 9.2.2.1350</native><descript><langdata Sync="TRUE">en</langdata><abstract>REQUIRED: A brief narrative summary of the data set.</abstract><purpose>REQUIRED: A summary of the intentions with which the data set was developed.</purpose></descript><citation><citeinfo><origin>REQUIRED: The name of an organization or individual that developed the data set.</origin><pubdate>REQUIRED: The date when the data set is published or otherwise made available for release.</pubdate><title Sync="TRUE">lc final adjusted dissolved</title><ftname Sync="TRUE">lc final adjusted dissolved</ftname><geoform Sync="TRUE">vector digital data</geoform><onlink Sync="TRUE">\\GIS01\DATA\GeoDB\DENR\LandClassification\lc final adjusted dissolved.shp</onlink></citeinfo></citation><timeperd><current>REQUIRED: The basis on which the time period of content information is determined.</current><timeinfo><sngdate><caldate>REQUIRED: The year (and optionally month, or month and day) for which the data set corresponds to the ground.</caldate></sngdate></timeinfo></timeperd><status><progress>REQUIRED: The state of the data set.</progress><update>REQUIRED: The frequency with which changes and additions are made to the data set after the initial data set is completed.</update></status><spdom><bounding><westbc Sync="TRUE">116.922114</westbc><eastbc Sync="TRUE">126.604423</eastbc><northbc Sync="TRUE">20.837146</northbc><southbc Sync="TRUE">4.588047</southbc></bounding><lboundng><leftbc Sync="TRUE">116.922114</leftbc><rightbc Sync="TRUE">126.604423</rightbc><bottombc Sync="TRUE">4.588047</bottombc><topbc Sync="TRUE">20.837146</topbc></lboundng></spdom><keywords><theme><themekt>REQUIRED: Reference to a formally registered thesaurus or a similar authoritative source of theme keywords.</themekt><themekey>REQUIRED: Common-use word or phrase used to describe the subject of the data set.</themekey></theme></keywords><accconst>REQUIRED: Restrictions and legal prerequisites for accessing the data set.</accconst><useconst>REQUIRED: Restrictions and legal prerequisites for using the data set after access is granted.</useconst><natvform Sync="TRUE">Shapefile</natvform></idinfo><dataIdInfo><envirDesc Sync="TRUE"> Version 6.2 (Build 9200) ; Esri ArcGIS 10.4.0.5524</envirDesc><dataLang><languageCode Sync="TRUE" value="eng"></languageCode><countryCode value="USA" Sync="TRUE"></countryCode></dataLang><idCitation><resTitle Sync="TRUE">ILIGAN SAFDZ</resTitle><presForm><PresFormCd Sync="TRUE" value="005"></PresFormCd></presForm></idCitation><spatRpType><SpatRepTypCd Sync="TRUE" value="001"></SpatRepTypCd></spatRpType><dataExt><geoEle><GeoBndBox esriExtentType="native"><westBL Sync="TRUE">116.922114</westBL><eastBL Sync="TRUE">126.604423</eastBL><northBL Sync="TRUE">20.837146</northBL><southBL Sync="TRUE">4.588047</southBL><exTypeCode Sync="TRUE">1</exTypeCode></GeoBndBox></geoEle></dataExt><geoBox esriExtentType="decdegrees"><westBL Sync="TRUE">116.922114</westBL><eastBL Sync="TRUE">126.604423</eastBL><northBL Sync="TRUE">20.837146</northBL><southBL Sync="TRUE">4.588047</southBL><exTypeCode Sync="TRUE">1</exTypeCode></geoBox></dataIdInfo><metainfo><langmeta Sync="TRUE">en</langmeta><metstdn Sync="TRUE">FGDC Content Standards for Digital Geospatial Metadata</metstdn><metstdv Sync="TRUE">FGDC-STD-001-1998</metstdv><mettc Sync="TRUE">local time</mettc><metc><cntinfo><cntorgp><cntper>REQUIRED: The person responsible for the metadata information.</cntper><cntorg>REQUIRED: The organization responsible for the metadata information.</cntorg></cntorgp><cntaddr><addrtype>REQUIRED: The mailing and/or physical address for the organization or individual.</addrtype><city>REQUIRED: The city of the address.</city><state>REQUIRED: The state or province of the address.</state><postal>REQUIRED: The ZIP or other postal code of the address.</postal></cntaddr><cntvoice>REQUIRED: The telephone number by which individuals can speak to the organization or individual.</cntvoice></cntinfo></metc><metd Sync="TRUE">20070713</metd></metainfo><mdLang><languageCode Sync="TRUE" value="eng"></languageCode><countryCode value="USA" Sync="TRUE"></countryCode></mdLang><mdStanName Sync="TRUE">ISO 19115 Geographic Information - Metadata</mdStanName><mdStanVer Sync="TRUE">DIS_ESRI1.0</mdStanVer><mdChar><CharSetCd Sync="TRUE" value="004"></CharSetCd></mdChar><mdHrLv><ScopeCd Sync="TRUE" value="005"></ScopeCd></mdHrLv><mdHrLvName Sync="TRUE">dataset</mdHrLvName><distinfo><resdesc Sync="TRUE">Downloadable Data</resdesc><stdorder><digform><digtinfo><transize Sync="TRUE">39.497</transize><dssize Sync="TRUE">39.497</dssize></digtinfo></digform></stdorder></distinfo><distInfo><distributor><distorTran><onLineSrc><orDesc Sync="TRUE">002</orDesc><linkage Sync="TRUE">file://\\GIS01\DATA\GeoDB\DENR\LandClassification\lc final adjusted dissolved.shp</linkage><protocol Sync="TRUE">Local Area Network</protocol></onLineSrc><transSize Sync="TRUE">39.497</transSize></distorTran><distorFormat><formatName Sync="TRUE">Shapefile</formatName></distorFormat></distributor><distFormat><formatName Sync="TRUE">Shapefile</formatName></distFormat><distTranOps><transSize Sync="TRUE">0.000</transSize></distTranOps></distInfo><spdoinfo><direct Sync="TRUE">Vector</direct><ptvctinf><esriterm Name="ILIGAN SAFDZ"><efeatyp Sync="TRUE">Simple</efeatyp><efeageom code="4" Sync="TRUE"></efeageom><esritopo Sync="TRUE">FALSE</esritopo><efeacnt Sync="TRUE">0</efeacnt><spindex Sync="TRUE">FALSE</spindex><linrefer Sync="TRUE">TRUE</linrefer></esriterm></ptvctinf></spdoinfo><spref><horizsys><cordsysn><geogcsn Sync="TRUE">GCS_Luzon_1911</geogcsn></cordsysn><geodetic><horizdn Sync="TRUE">D_Luzon_1911</horizdn><ellips Sync="TRUE">Clarke 1866</ellips><semiaxis Sync="TRUE">6378206.400000</semiaxis><denflat Sync="TRUE">294.978698</denflat></geodetic></horizsys></spref><refSysInfo><RefSystem><refSysID><identCode Sync="TRUE" code="102457">GCS_Luzon_1911</identCode><idCodeSpace Sync="TRUE">Esri</idCodeSpace><idVersion Sync="TRUE">10.3.1</idVersion></refSysID></RefSystem></refSysInfo><spatRepInfo><VectSpatRep><geometObjs Name="ILIGAN SAFDZ"><geoObjTyp><GeoObjTypCd value="002" Sync="TRUE"></GeoObjTypCd></geoObjTyp><geoObjCnt Sync="TRUE">0</geoObjCnt></geometObjs><topLvl><TopoLevCd value="001" Sync="TRUE"></TopoLevCd></topLvl></VectSpatRep></spatRepInfo><eainfo><detailed Name="ILIGAN SAFDZ"><enttyp><enttypl Sync="TRUE">ILIGAN SAFDZ</enttypl><enttypt Sync="TRUE">Feature Class</enttypt><enttypc Sync="TRUE">0</enttypc></enttyp><attr><attrlabl Sync="TRUE">FID</attrlabl><attalias Sync="TRUE">FID</attalias><attrtype Sync="TRUE">OID</attrtype><attwidth Sync="TRUE">4</attwidth><atprecis Sync="TRUE">0</atprecis><attscale Sync="TRUE">0</attscale><attrdef Sync="TRUE">Internal feature number.</attrdef><attrdefs Sync="TRUE">Esri</attrdefs><attrdomv><udom Sync="TRUE">Sequential unique whole numbers that are automatically generated.</udom></attrdomv></attr><attr><attrlabl Sync="TRUE">Shape</attrlabl><attalias Sync="TRUE">Shape</attalias><attrtype Sync="TRUE">Geometry</attrtype><attwidth Sync="TRUE">0</attwidth><atprecis Sync="TRUE">0</atprecis><attscale Sync="TRUE">0</attscale><attrdef Sync="TRUE">Feature geometry.</attrdef><attrdefs Sync="TRUE">ESRI</attrdefs><attrdomv><udom Sync="TRUE">Coordinates defining the features.</udom></attrdomv></attr><attr><attrlabl Sync="TRUE">LCLASS_ADJ</attrlabl><attalias Sync="TRUE">LCLASS_ADJ</attalias><attrtype Sync="TRUE">String</attrtype><attwidth Sync="TRUE">50</attwidth><atprecis Sync="TRUE">0</atprecis><attscale Sync="TRUE">0</attscale></attr><attr><attrlabl Sync="TRUE">SAFDZ</attrlabl><attalias Sync="TRUE">SAFDZ</attalias><attrtype Sync="TRUE">String</attrtype><attwidth Sync="TRUE">254</attwidth><atprecis Sync="TRUE">0</atprecis><attscale Sync="TRUE">0</attscale></attr><attr><attrlabl Sync="TRUE">Reg_Name</attrlabl><attalias Sync="TRUE">Reg_Name</attalias><attrtype Sync="TRUE">String</attrtype><attwidth Sync="TRUE">254</attwidth><atprecis Sync="TRUE">0</atprecis><attscale Sync="TRUE">0</attscale></attr><attr><attrlabl Sync="TRUE">Pro_Name</attrlabl><attalias Sync="TRUE">Pro_Name</attalias><attrtype Sync="TRUE">String</attrtype><attwidth Sync="TRUE">254</attwidth><atprecis Sync="TRUE">0</atprecis><attscale Sync="TRUE">0</attscale></attr><attr><attrlabl Sync="TRUE">Mun_Name</attrlabl><attalias Sync="TRUE">Mun_Name</attalias><attrtype Sync="TRUE">String</attrtype><attwidth Sync="TRUE">254</attwidth><atprecis Sync="TRUE">0</atprecis><attscale Sync="TRUE">0</attscale></attr><attr><attrlabl Sync="TRUE">Class</attrlabl><attalias Sync="TRUE">Class</attalias><attrtype Sync="TRUE">String</attrtype><attwidth Sync="TRUE">50</attwidth><atprecis Sync="TRUE">0</atprecis><attscale Sync="TRUE">0</attscale></attr><attr><attrlabl Sync="TRUE">Shape_Leng</attrlabl><attalias Sync="TRUE">Shape_Leng</attalias><attrtype Sync="TRUE">Double</attrtype><attwidth Sync="TRUE">19</attwidth><atprecis Sync="TRUE">0</atprecis><attscale Sync="TRUE">0</attscale></attr><attr><attrlabl Sync="TRUE">Shape_Area</attrlabl><attalias Sync="TRUE">Shape_Area</attalias><attrtype Sync="TRUE">Double</attrtype><attwidth Sync="TRUE">19</attwidth><atprecis Sync="TRUE">0</atprecis><attscale Sync="TRUE">0</attscale><attrdef Sync="TRUE">Area of feature in internal units squared.</attrdef><attrdefs Sync="TRUE">Esri</attrdefs><attrdomv><udom Sync="TRUE">Positive real numbers that are automatically generated.</udom></attrdomv></attr><attr><attrlabl Sync="TRUE">AGENCY</attrlabl><attalias Sync="TRUE">AGENCY</attalias><attrtype Sync="TRUE">String</attrtype><attwidth Sync="TRUE">254</attwidth><atprecis Sync="TRUE">0</atprecis><attscale Sync="TRUE">0</attscale></attr><attr><attrlabl Sync="TRUE">APPROVED_B</attrlabl><attalias Sync="TRUE">APPROVED_B</attalias><attrtype Sync="TRUE">String</attrtype><attwidth Sync="TRUE">254</attwidth><atprecis Sync="TRUE">0</atprecis><attscale Sync="TRUE">0</attscale></attr><attr><attrlabl Sync="TRUE">ATTESTED_B</attrlabl><attalias Sync="TRUE">ATTESTED_B</attalias><attrtype Sync="TRUE">String</attrtype><attwidth Sync="TRUE">254</attwidth><atprecis Sync="TRUE">0</atprecis><attscale Sync="TRUE">0</attscale></attr><attr><attrlabl Sync="TRUE">PREPARED_B</attrlabl><attalias Sync="TRUE">PREPARED_B</attalias><attrtype Sync="TRUE">String</attrtype><attwidth Sync="TRUE">254</attwidth><atprecis Sync="TRUE">0</atprecis><attscale Sync="TRUE">0</attscale></attr><attr><attrlabl Sync="TRUE">YEAR</attrlabl><attalias Sync="TRUE">YEAR</attalias><attrtype Sync="TRUE">String</attrtype><attwidth Sync="TRUE">254</attwidth><atprecis Sync="TRUE">0</atprecis><attscale Sync="TRUE">0</attscale></attr></detailed></eainfo><mdDateSt Sync="TRUE">20250327</mdDateSt><dataqual><lineage><procstep><procdesc Sync="TRUE">Dataset copied.</procdesc><srcused Sync="TRUE"></srcused><date Sync="TRUE">20070626</date><time Sync="TRUE">18053500</time></procstep><procstep><procdesc Sync="TRUE">Dataset copied.</procdesc><srcused Sync="TRUE">F:\GeoDB\Temp\2007-07-12 Agribiz_BAR\agribus_lands\themes\lclass_adj</srcused><date Sync="TRUE">20070713</date><time Sync="TRUE">11370100</time></procstep></lineage></dataqual></metadata>
